"Introduction \r\nAbout 350 million people, spread all over the world, have English as mother tongue. Due to all different dialects, Received Pronunciation, or RP as it is commonly called, was made a model, a form of English that would be easy to understand in most situations. However, the working-class accent of London is today a very influential source of phonological innovation in England and perhaps in the whole English-speaking world. Cockney is the traditional working-class dialect of London, especially in the East End area. Even Estuary English, or E.E has a strong influence on RP. E.E is a dialect between Cockney and RP. It is spoken mostly in suburban areas of Greater London and the counties of Essex and Kent lying to the north and south of the Thames Estuary, therefore also the name. Since both these dialects are so influential on RP, I will here try to show their typical features and compare them to each other and to RP.\r\n\r\nPrevious research\r\nThe material I have used for this essay is Accents of English 1 (Wells 1982), an article on Estuary English: Tomorrow\'s RP? (Rosewarne 1994), a handbook in English Pronunciation (Johansson and R\xf6nnerdahl 1993), English Accents and Dialects (Hughes and Trudgill 1987) and a type recording of a man speaking Cockney, borrowed from the English Department, the Uppsala University.\r\nCockney\r\n\r\nOne typical characteristic of Cockney is the glottal stop. It is a sound made by an complete closure followed by an opening again of the glottis (the space between your vocal cords) It usually replaces the consonants / p, t, k /. Words like whip, wit and wick might therefore all be pronounced as . Even / f,v, / can be glottalized. Different becomes for example, give them, other and Southen. However, the latter ones are not as common as / p, t, k / and are considered more rougher Cockney. H-dropping is another characteristic. The final / h / may be missing in words like heat and harm. The result of this is that they are pronounced in the same way as RP eat and arm. A Cockney speaker may also pronounce /h/ where a RP does not pronounce it. As for example in No I ain\'t. There is also a difference in pronunciation of RP / i:, u: / and closing diphthongs.\r\n<table removed"
<title
"Introduction\r\n\t\r\nGeoffrey Chaucer is one of England's most famous authors. His work the Canterbury Tales, is written in the East Midland dialect which was to develop into the English of today. (Burnley, 1983:145) Around 1387 (Skeat, 1965:5), when Chaucer wrote his Tales, the language - Middle English - had been and was under the influence of foreign languages (Barber, 1993:140) and in this essay I intend to study the different types of loan-words in the 'Prologue' to the Canterbury Tales. I will try to find patterns in the loans, for example if a majority of the verbs are of French origin or if there are semantic peculiarities, such as if all words about household come from Scandinavian. The concentration will be on words of Germanic origin to see if there is some connection with present-day Swedish or Icelandic. Then, if a loan-word is still in use in English today and also in, for example, Swedish, I will compare the two meanings and see if it is possible to show patterns in the development of the meaning of the words in the different languages. The part of the 'Prologue' that I have as a basis for this essay begins on line 118, where the Prioresse comes in. The acronyms PDE, ME and OE stands for Present-day English, Middle English and Old English respectively. \r\n\r\n1 Method\r\n\r\nThe first lines of the 'Prologue' is something which is known to most students of English at a university level: Whan that April with his shoures soothe / The droughte of March hath perced to the roote, / And bathed every veine... Therefore I have chosen to begin my reading of the 'Prologue' some hundred lines further down. I have looked up each word down to line 192 in an etymological dictionary (Chambers's, 1967) where I have found most of the words in the tables, even the foreign ones. However, the Icelandic words come from S\xe6nsk-\xedslensk \xedslensk-s\xe6nsk or\xf0ab\xf3k. Finding the meaning of words that have a totally new form in Present-day English (PDE call and ME clepen) would have been difficult without the help of George H. Cowling's glossary. The result of this can be seen in Table 1 (Appendix 2), where I have listed words from the 'Prologue'. I have also read chapter 7, 'Middle English' in Charles Barber's The English Language: A Historical Introduction (1993) to get material for the passage about Middle English. I have also visited some sites on the internet. (See references for address)\r\n\r\n2 Previous Research on Middle English \r\n\r\n2.1 Vocabulary\r\n\r\nThe language around Chaucer was a language under strong influence of, above all, French. (Barber, 1993:151) However, the French of the Normans who invaded England in 1066 (The Battle of Hastings) was not the 'standard language' of France, but a dialect called Anglo-Norman. (Wilton) When studying texts written closely after the Norman Conquest (12th century) and texts from Chaucer's days it is easy to see the difference between Old and Middle English. The most influential language before the Normans came with their French was also a Romance language, namely Latin, which came together with Christianity in the seventh century.(Barber, 1993:107) The loan-words at that time had to do with the new religion - priest, mass and vicar, (Wilton) but since the Normans became more influential in society as a whole, their language came to spread out French and/or Anglo-Norman words in many vocabulary areas. (Barber, 1993:134) Some examples of these are the army (the word army, soldier, navy, enemy and peace), law (bar, judge, sentence, ransom and felon), fashion, meals and social life (coat, button, jewel, taste, appetite, toast, recreation, music and tournament), government and administration (crown, state, empire, royal and parliament) and art, medicine and learning (painting, image, anatomy, pain, story and prologue). (Baugh, 1993:165-168) As the language of the conquerors gained in prestige it became indispensable for the aristocracy (which is also a French loan-word) to know French. (Barber, 1993:134-5) However, the conquered people's language did not die under this pressure. The working class and the farmers - those who did not have much direct contact with the upper classes - continued to speak English (Barber, 1993:136) and these classes grew in impotrance after the Black Death that killed one third of the British population. (Wilton) Traces of this can still be found; one example are the words mutton and sheep. Mutton derives from the French mouton which also means 'sheep', but this hints that it was the Anglo-Saxons who tended the sheep and the French-speaking upper class that prepared and ate the animal. (Wilton) Other examples of pairs like this are wish - desire and doom (G) - judgement (Fr), but these words are more synonym-like. (Wilton)In the sheep/mutton example both words live on, but then there are other cases where the French word has replaced a Germanic one, for example crime (Fr) and firen (G). (Wilton) Then there is a third kind of change and that is when a French word has been put together with a Germanic one like gentle + man to form a new word. (Wilton)\r\n\r\n3.2 Morphology\r\n\r\nThe largest change in morphology, during the Middle English period, is the great loss of the Old English inflections. (Barber, 1993:157) Partly, this was due to phonological changes such as the dropping off of unstressed syllables at the ends of words. (Barber, 1993:157) The result of this development was that the speakers 'ended up' with many nouns and adjectives looking the same in nominative, accusative and genitive, cases which had had their own forms earlier. (Barber, 1993:157) However, there are some of these older declensions of nouns still living on, for example the plurals oxen and children and the mutated plurals feet and men. (Barber, 1993:158), but there is no trace for the plural -e added to adjectives (fair - faire). (Barber, 1993:160) \r\n\r\n3.3 Syntax\r\n\r\nThe vocabulary change, in turn, meant that the order of the words in a sentence became more important. Since it in Old English was possible to tell from the endings of the words which function each word had in the sentence, word-order was not very important. Old English had about the same freedom as Latin when it came to placing the words in a phrase, but when these endings disappeared users of the language had to begin to rely on word-order. (Barber, 1993:161) It was at this time that S-V-O word-order became the dominating one (Barber, 1993:161), but the V-S word-order (without an object) can still be found, as in: - I have already done it, said she. (Barber, 1993:161)\r\n\r\n3 Discussion\r\n\r\n3.1 Nouns\r\n\r\nIf we look at the nouns having to do with eating we see that words like flesh and milk are of Germanic origin and oistre and sauce (App 2, p 12) are Romance (oistre originally from Greek). (Chambers's, 1967:444) ME flesh (App 2, p 12) meaning 'meat' is PD Swedish 'fl\xe4sk', but the meaning has narrowed to now denoting only meat from pigs. The same thing goes for Icelandic: 'flesk' means porc, but there is also the more explicit word 'sv\xednakj\xf6t'. An interesting words is mete (App 2, p 13) which has given 'meat' and 'mate'; two words nowadays denoting two totally different things. During the ME period mete could mean both 'food' (cf. Swedish 'mat'), and also the companion you shared it with, but now we have 'meat', meaning only a certain kind of food, and 'mate', friend. (Brorstr\xf6m, 1966:105) The first set of words is an example of narrowing. The mete encountered in the 'Prologue' means 'mealtime'. \r\n\r\nWords having to do with the parts of the body are of mixed origin, for example herte, mouth, brest and hand are Germanic and the Romance ones are lippe, eye and nose. (App 2, p 13) The animals mentioned are hound, fish, mous and fowel (App 2, p 13) and they are all Germanic, but the first three have connections with Romance languages. The word fowel is 'bird' in PDE, but the original word still exists in Swedish and Icelandic, with the same meaning.\r\n\r\nAlmost all nouns concerning religion and learning are Romance: cloistre, nonne, monk and preest as is scole, (App 2, p 14-16) but not the book the pupils read in school. The explanation is that the Germanic peoples first wrote on pieces of beech (cf. Sw 'bok' = 'book', 'beech' and Icel. 'b\xf3k' = 'book', 'beykitr\xe9' = 'beech'). (Chambers's, 1967:70 and Hallbeck, 1985:46) Schole in Greek has a slightly different meaning compared to that of PDE; its first meaning is 'leisure' and the second one 'school'. (Chambers's, 1967:566) The French \xe9cole ('school'), without an s-, can be compared to \xc9cosse (Scotland). Words like 'oath' and 'world' are Germanic: ooth, world. (App 2, p 14 and 16)\r\n\r\n3.2 Verbs\r\n\r\nThe Germanic verbs are numerous. Examples of these are be, have, make, say, speak and see. The verb 'hunt' has the same form in ME as in PDE, but when Chaucer describes a monk's interests (line166) he uses the Romance word venerye (App 2, p 12) for 'hunting' (noun). This can be compared to PDE 'venison' meaning 'game' like in 'stock of game' (Sw. viltbest\xe5nd).Verbs used in connection with the nonne and the preest are Romance and not very many compared to the Germanic ones. Romance examples are reserved and served (App 2, p 15)\r\n\r\n3.3 Adjectives\r\n\r\nExamples of adjectives of Germanic origin are new, brood, old, deed and good. (App 2, p 10) Coy, simple, divyne, amiable, tender and charitable are Romance ones. (App 2, p 10 and 14-16) Swedish and Icelandic has preserved its counterparts to old, but only in the form of nouns: '\xe5lder' and 'aldur' meaning 'age'. PDE 'good' is 'bra' in Swedish. 'God' in Swedish is used in expressions like 'god mat' and not like PDE 'good car'. PDE coy means 'shy' (talking about a woman) and it comes from the French 'coi'. 'Simpel' exists in Swedish, but has a negative tone. The same goes for the Swedish counterpart of divyne which is 'diva', meaning the same as in PDE. Three words connected to each other (collocation) are poure, cost and spare. (App 2, p 15)The two first ones are Romance and the last one is Germanic, however they all have relatives in Swedish ('p\xe5ver', 'kosta' and 'spara') and Icelandic has 'spara'. 'Seemly' is a word that English only has in common with Icelandic, the same meaning in both languages. (App 2, p 10) The three colours, grey, reed and grene that occur in the text, are all Germanic. (App 2, p 10)\r\n\r\n3.4 Prepositions\r\n\r\nAll prepositions are Germanic, but on, in, and for has connections with Romance languages and Greek(on = ana). (App 2, p 9)\r\n\r\n3.5 Pronouns\r\n\r\nThe pronoun hir is 'hennar' and 'hennes' in Icelandic and Swedish. His is 'hans' in both languages. Hir derives from OE 'heo' meaning 'she'. (App 2, p 9)\r\n\r\n4 Conclusions/Results\r\n\r\nWhen looking at the nouns that concern food it is easy to see that words denoting frequent parts of meals are Germanic (milk and flesh), while the less frequent ones are Romance (oistre and sauce). In this way it is possible to see what kind of food that was 'English' versus 'continental'.\r\nOf nouns concerning the body are also of both origins, but I think it is possible to say that the most important parts have Germanic words: herte, hand, brest and mouth. Other important words like ooth and world are Germanic too.\r\nThe verbs follow about the same pattern as do the nouns - the most frequently used verbs are of Germanic origin and the less frequent ones are Romance. Marginal verbs, those which can be both main verbs and auxiliaries, are Germanic: be, have. Romance verbs are used when the author talks about one of the monks (served and reserved).\r\nLike the previous word class, the adjectives follow the nouns in the loan pattern: adjectives that are found often are of Germanic origin and uncommon ones are Romance. Coy is an interesting loan-word. Considering the meaning of the word - shy (said about a woman) - and the French and Scandinavian temperament respectively it would have been more logical to borrow a word with this meaning from a Scandinavian language. Nor is it very surprising that adjectives like amiable, tender and charitable are Romance when thinking about the different cultures and temperaments in France and the Nordic countries.\r\nShort, but not less important words, like prepositions and pronouns are all of Germanic origin. \r\nHaving read and looked closer into only a smaller part of the 'Prologue', it is possible to do this summary: words that the Anglo-Saxons 'needed' before the Norman conquest are Germanic and words denoting something unknown up until the Conquest are borrowed from the language of the Normans. However, as we have seen, some Germanic words were pushed out of the vocabulary by French ones and at other times, the two words coexisted and still do. Swedish and Icelandic words that resemble their English cousins often have the same or similar meaning.\r\n\r\n5 References\r\nBarber, Charles. 1993. The English Language - A Historical Introduction.\r\nBaugh, A.C. and T. Cable. 1993. A History of the English Language.\r\nBrorstr\xf6m, Sverker. 1966. Roligt och intressant i engelskan.\r\nBurnley, D. 1983. The Language of Chaucer.\r\nChambers's Etymological English Dictionary. 1967. Edited by A. M. MacDonald. \r\nChaucer - The Prologue & Three Tales. 1969. Edited by George H. Cowling.\r\nHallbeck Helgad\xf3ttir, Sigr\xfan and Hallbeck, Erik. 1985. S\xe6nsk-\xedslensk \xedslensk-s\xe6nsk or\xf0ab\xf3k.\r\nIversen, Ragnvald. 1955. Norr\xf8n Grammatikk.\r\nJansson, Sven B.F. 1994. Isl\xe4ndsk-svensk ordbok.\r\nChaucer -The Prologue to the Canterbury Tales. 1965. Edited by Walter W. Skeat. \r\nWess\xe9n, Elias. 1995. V\xe5ra Ord - deras uttal och ursprung.\r\nWilton, Dave. Internet: http://www.wilton.net/histeng.htm (1999-09-26)\r\nThe pictures are from the same site.\r\n\r\n<Appendix removed"
<title
<title
"1\tIntroduction and method\r\nHave you ever wondered about how words come to life? How are they actually formed? My interest grew when I started to read about the different word processes. There were a lot of them and I wanted to know more about it. My aim with this essay is first to define the ways that new words can be formed, and than use this knowledge to see which process is the most common one in a random selection of words from the English language. I am also going to see if I am able to find any specific patterns in this small investigation. I mean patterns in frequencies of different kinds. My intention is not to investigate the whole origin of a word, but only the latest change it has gone through. When describing the different word processes or formations, I will not go too deep into the subject, but only give an overall picture of them. \r\n\r\nThe conclusions made from this paper can be seen as giving an overall view of how words are formed. I point this out because we should be aware of the small number of words that I have investigated. I also want you to know that it has been very hard to give the exactly right formation of a word. The history is sometimes quite unclear and therefore it is not se easy to give a straight answer of a single process or the last process for that matter. This makes it even harder to draw conclusions. \r\n\r\nMy method has been to randomly select 120 words from Longman\'s dictionary and to define how these words are formed. You can find the results in appendix 2. The selection of words from the dictionary is made by dividing the pages with the number of words that I were to define (1668/120 = ca 14) So I chose the first word on every 14 pages. If it was ""the letter E"" or a prefix, I chose the following word. I thereafter looked up the words in The Oxford English Dictionary in order to find out its origin. As long as I do not state otherwise, the explanations about the different word processes in the next paragraph are taken from Yule.\r\n\r\n2 The different word processes\r\n\r\n2.1 \tCoinage\r\nThe first process I will describe is coinage. This is when a totally new word is invented to give a name to something. It has no relation at all with the meaning of the thing or action. Examples are nylon, zipper and xerox. It is one of the least common processes. This is probably the same thing Barber describes(224) when he says that there is usually a name involved. Either a name of the person who invented the new idea/thing or the name of the place will give birth to the new word. We know bikini as a garment to wear on the beach, but it got its name from a Pacific atoll. \r\n\r\n2.2 Loan-words\r\nThe second way to form a word is borrowing, also called loan-words. We simply adopt words from an other language without changing them or maybe only adapting them a little. English has taken over a lot of words from other languages over the years but not so many in recent time according to Barber(267). Examples are nation (French), piano (Italian), and robot (Czech). There is also a variant of this type, called loan-translation or calque. This means that the foreign word is directly translated to English. The German word ""\xdcbermench"" is translated to the English word ""Superman"". Moreover, there is something called internal loaning described by Barber(225). It is not very common but exists to some extent in Great Britain. The example here comes from Scottish and the word bonny. \r\n\r\n2.3 Compounding\r\nCompounding is one of the most common processes. In this particular process the word is formed by putting two separate words together as one. Quirk et al.\'s definition is ""a lexical unit consisting of more than one base"" (1567), and they also say that the first base of the word normally modifies the second one. The base can be defined as the root or the stem of a word. It is a word that is stripped from all endings and extra letters, for example act in activate. So a compound word can be sunburn and wastebasket. If you look closer upon a compound word, you can see that it derives from different word classes. It can be two nouns put together (N+N) as in daydream, a noun and a verb (N+V) as in sunrise, an adjective and a noun (Adj+N)as in greenhouse. The variations are quite a few. Barber states the double nouns as the most common one(183). One feature in how to recognize a compound, according to Dobrovolsky et al.(154), is that it must take the tense and plural forms behind the last word. You can not say many *roads map but you have to say many road maps.\r\n\r\nI found two variants of compounding when reading Dobrovolsky et al., namely endocentric and exocentric. They describe the endocentric compound as when the first base forms ""a type of"" the other base. A cave man is a compound where cave defines the type of man. The exocentric word is the opposite, where there is no such connection at all. For example you have redneck, which is not a type of neck but a person whose opinions is similar to those of a communist. An other example is birdbrain, and I guess you can figure that one out yourself. \r\n\r\n2.4 Blending\r\nNow we have come to the forth process in how new words can be formed. It is time for blending. Blending is when you take the beginning of one word but finish it off with the end of an other like in smog (smoke and fog), brunch (breakfast and lunch) and bit (binary and digit). The other night I heard a new one on a TV programme; futurniture (future and furniture).\r\n\r\n2.5 Clipping\r\nThe next method is called clipping or shortening which is when a word is reduced to a shorter form. The phenomenon is common in casual speech but is often written out as a whole word in texts. You recognize fax for facsimile, pub for public house, and vibes for vibrations. It is also very often used on names, especially Liz which is short for Elisabeth. The short-cut words seem to thrive in the educational environment; chem, exam, gym, math etc.\r\n\r\n2.6 Backformation\r\nYet an other process is backformation. This is a special type of reduction where a word is shortened to form a word of a different function. This is usually made from a noun into a verb; television - to televise, babysitter - to babysit, beggar - to beg. Nouns ending with -er can form a verb for what that noun does; editor - to edit and worker - to work. There is a special way of backformation used in Australian and British English called hypoconisms. In this case you first reduce a word to one syllable and then add the endings -ie or -y. Examples are movie from moving pictures, and telly from television.\r\n\r\n2.7 Conversion\r\nThe seventh word process is when the function of the word is changed but not the actual spelling of the word. This is a common way of producing new words in the English language today. The three most occurrent variants, according to Dobrovolsky et al., are A) when a noun makes a verb as in knife - to knife, B) when a verb makes a noun as in to take over - a takeover and C) when an adjective makes a verb as in empty - to empty.\r\n\r\n2.8 Acronyms\r\nI can promise that you have come across this process named acronyms. Dobrovolsky et al. say that they ""are formed by taking the initial letters of some or all of the words in a phrase or title"" (159). You have probably heard VCR, CD and EU. The words are usually written with capital letters, but some become so ordinary that we use them as any other word forgetting that they are actually acronyms. Do you know that laser stands for light amplification by simulated emission of radiation or scuba for self-contained underwater breathing apparatus? Organizations that think about marketing often organize the words so they can form an startling acronym. For example we have WAR standing for Woman Against Rape.\r\n\r\n2.9 Derivation or affixation\r\nThe last process I present is derivation or affixation. It is one of the most common ways to form new English words. You can do this by putting an affix to the base of an existing word. This affix will change the meaning and sometimes the category of the base word and form a new one. Examples of a word formed by derivation are seller from sell(affix:-er) and incompetent from competent(affix:in-). Dobrovolsky et al. make us aware of the fact that the new words formed by this process will sometimes take on a different meaning compared to the root(145). We have the word comparable, which is closer to the meaning \'similar\' than it is \'able to be compared\'. \r\n\r\nAn affix is a small piece of a word that can not stand on its own. It is either in the beginning of a word, called a prefix, or in the end of one, called a suffix. Examples of those can be found in appendix 1. You can also see that certain affixes form certain word classes. There is actually one more affix called infix. It is not used in any greater extent in the English language, but you can understand by the word that this is when you put an affix in the middle of a word.\r\n\r\nDerivation can be very complex as my teacher Christine Johansson described. Take the example activation. It can be divided into act(root and verb) + ive(suffix which forms it into an adjective) + ate(suffix which forms it into a verb again) + tion(suffix which turns it into a noun).\r\n\r\n2.10\tOnomatopoeic words\r\nTheir is also words called onomatopoeic, and this is not listed as a word-forming processes. I guess that they are few and old and do therefore not come under the field of forming new words. They echo the natural sounds which are made by the objects/actions referred to. They are quite rare and can differ between languages. Examples are cuckoo, buzz and splash.\r\n\r\n3 Other things to keep in mind\r\n\r\nThe different processes can in some cases be found in the same word and do not always work separately. If you say that a problem has snowballed, the word snowballed has gone through the processes of compounding and conversion. First it was put together as a noun with snow + ball, and then it converted to a verb; a snowball - to snowball. \r\n\r\nBarber(220) states that the three most common word processes used in the Later Modern Period are derivation, compounding and conversion. \r\n\r\n4 The investigation\r\n\r\nWhen I had made the table of the 120 words, listing the various ways they were formed, I ran them through a filter in various ways, testing the frequency. What now follows is a result of what I found out of looking at these.(You can find the table in appendix 2.)\r\nFirst a list of the frequencies of the word process in my selection:\r\n\r\n27\r\nLoan-words\r\n24\r\nConversions\r\n17\r\nCompounds\r\n16\r\nDerivations\r\n13\r\nLate/Old English\r\n10\r\nTwo alt. Choices\r\n4\r\nUnknown/Uncertain\r\n3\r\nAcronyms\r\n3\r\nDouble processes\r\n2\r\nCoinage\r\n1\r\nOnomatopoeic\r\n120\r\nTotal\r\n\r\nThis is very close to what Barber stated when he said that derivation, conversion and compounding were the three most common ways to form new words today. I am guessing that the loan-words are not forming so many new words at present time, and that they are mostly older ones from the time of French influence. \r\n\r\nLooking at the loan-words, I found that half of them(16 out of 27) came from the French language and that they were mostly nouns(11 out of 16); conference and debris. On the second place I could find Latin words with 6 out of 27; flagrant and lingo. Otherwise there was each one word from Gaelic, Greek, Old Norse, Spanish and Urdu(language in India). I want to point out that it sometimes was hard to state the right original language(especially between French and Latin), because there were often influences from different countries with similar spelling. I found one internal loan-word from Gaelic in the word glen.\r\n\r\nI have listed a word-process named Old English in my table. This is not what I intended in the beginning. However, these are words that I think must be among the very core of the vocabulary in England. Words that are learnt long ago and so deeply printed in the Englishmen\'s mind that no loan-words or other processes could replace them. They are words like; to grow, to see, a hunt, a play and warm. \r\n\r\nThe second most common formation was conversion with 24 words. 17 of them were verbs formed only on nouns. Four of them were nouns formed on verbs. Examples are to load, to roof and a push.\r\n \r\nThe compound words were summoned to a total of 17(out of 120), where one was the pronoun yourself. The rest was a mixture of different combinations, but the three most frequent ones were Verb+Noun(5); clingfilm, Noun+Noun(4); dreamboat, and Adj+Noun (4); turbojet. \r\n\r\nAffixation or derivation, as I have chosen to call it in my mini investigation, have 16 words represented among the 120. Eight of them were adjectives and five of those were formed by adding the suffix -able; changeable. Five of the derivated words were nouns and in three case they were formed by adding the suffix -er to the verb; follower. I could also see that all three adverbs were formed in the same way, namely by adding -ly to the adjective; honestly.\r\n\r\nI have not come across any word formed by the process of blending. I have one word which I have categorized as a clipping together with compounding. It is the word telex. I could understand if some would like me to put this word under the blending process because of its mix between teleprinter and exchange. Nevertheless, I state it as two shorted words put together. In blending, you usually take the front of one word and put it together with the end of an other. In telex you take both beginnings of the two words. \r\n\r\nThere were three acronyms to be found in my random selection of the words. They were: E for Eastern, J for Joule and l for liter. No words were found to be put under the form of backformation, but two were named by coinage. They were cambric and zippo. To my surprise, I found an onomatopoeic word in my collection. It was ""ahem"", which is the written sound of a person clearing his/her throat.\r\n\r\nFour words were stated as having an unknown or uncertain origin. These are malarkey, gook, bunk and sterling. The first two are some kind of American slang and probably quite new. The two second words are older and we do not know anything for sure about them.\r\n\r\nIf you look a little closer on my table, you can find some words with double processes involved, namely RH factor, telex and foxhunter. Furthermore, there are ten words where you have a choice of two formations. We do not know which one was the last to form the word. I can only say that from those ten, I found six with the same choice; derivation or loan. We do not know if the word was borrowed as it was or if it is a loan which later on has been altered through a derivation. \r\n\r\n5 Conclusions\r\n\r\nTo summon up, I would like to say that this has been an experience. It was a really fun job and I only wish I had more time. I have found that what Barber says is true. The tree most common ways to form words are conversions, compounds and derivations. I would anyway like to put your attention on the large number of loan-words, especially from the French language. Interesting to see is also that the Old English words were those we use every day. I were happy to find that three acronyms, two coinage and one onomatopoeic word in my random selection. \r\n\r\nMost conversions consisted of verbs which were formed from nouns. The compounds were usually V+N in my selection and not N+N as Barber stated as the most common. When I came to the derivational affixes, I saw that -able, -er and -ly were among the most frequent ones. I did not come across any backformations or blendings, but on the other hand I came across those with double processes. The difficulty is somewhat seen in the words where you have a choice of two processes. They were summoned up to a total ten words.\r\n\r\nSources\r\n\r\nBarber Charles, 1993, The English Language: a historical introduction, Cambridge: Cambridge University Press \r\n\r\nBradley et al., 1989, The Oxford English Dictionary, 2nd ed., Oxford: Clarendon Press \r\n\r\nDobrovolsky et al., 1996, Contemporary Linguistics - An Introduction, London: Longman\r\n\r\nGreen Jonathan, 1999, The Cassell Dictionary of slang, Finland: WSOY\r\n\r\nQuirk et. al., 1985, A Comprehensive Grammar of the English Language, London: Longman\r\n\r\nSummers et al., 1995, Longmans dictionary of contemporary English, Barcelona: Cayfosa.\r\n\r\nYule George, 1996, The study of language, Cambridge: Cambridge University Press.(Chapter 1 & 7)\r\n</doc"
<title
<title
<title
<title
"1.Introduction\r\nIt is a fact that British and Am English differ in terms of phonology, morphology and vocabulary. As a learner of English I am faced with the dilemma to choose which variety I should learn. Differences in vocabulary constitute a large share of this dilemma, and that is what I have chosen to write my essay on. This kind of differences has been investigated and reported on before, so what I will do is make an attempt to divide the words into categories and to give a little historical explanation for them. I am also intending to test the thesis of Trudgill/Hannah (1982:76): namely that the largest group of differences is the ""same concept or item, different word"" category. \r\n\r\n2.Previous research\r\nTo be able to categorise my words in a practical and comprehensible way, I have chosen to use an already established method. This is the method of P. Trudgill and J. Hannah (1982:43-79), who have divided the vocabulary divergences into four categories, which I will describe further in the next paragraph.\r\nI will give references to other sources where I have found useful information in the presentation and discussion.\r\n\r\n3.Material and method\r\nFor primary source I have chosen the Longman Dictionary of Contemporary English, in which I will look up approximately 150 words that in some aspect differ between American and British English. After that, I will sort them into tables according to the following:\r\n1. Same word, different meaning.\r\n2. Same word, additional meaning in one variety.\r\n3. Same word, difference in style, connotation, frequency of use.\r\n4. Same concept or item, different word.\r\nI will also, with the help of my secondary sources, try to find out the possible reason for why these divergences appeared.\r\nAny numbered word in the tables corresponds to an example dealt with in the discussion, preceded by the same number in brackets.\r\nList of abbreviations:\r\nAm. Eng= American English\r\nBr. Eng= British English\r\nSth= something\r\nSb= somebody\r\nAd.meaning= Additional meaning(s) in this variety of English, could be one or more. \r\n\r\n4.Presentation and discussion of results\r\n\r\n4.1 Tables 1-4 (For definition, see: Material and method)\r\n\r\n<tables removed"
<title
<title
<title
<title
"1. Introduction\r\n\r\nEnglish is one of the most spoken languages in the world. There are many varieties spread around the whole world, of which British English and American English are the two largest groups. Many young people today chose to spend a year or more in the United States to either study or work. Since we Swedes have been taught English in school since the fourth grade the language should not cause any big problems. Nevertheless there are differences between the school English, which is most often British English, and the American variety. I was myself a foreign exchange student in Minnesota and have experienced the variation in vocabulary. In some cases it would have been nice if I had known the correct word, it could have saved me from embarrassing moments. Therefor I think it is interesting to see what words and how many that are different in the two languages. Are there any word classes that differs the most and within any special areas?\r\n\r\n1.2. Material and method\r\n\r\nI have used the Longman Dictionary of Contemporary English and International English by P. Trudgill and J. Hannah. To find out how frequent it is that words are different I took out the first 1,000 words of the letters A, B, C, and D, a total of 4,000 words from Longman. I looked at the words to find out which ones that had different forms but the same meaning in the two languages and also which words that only exist in American English respectively British English. This method may not be completely accurate though. First because Longman Dictionary comes from the British National Corpus, and even though it contains many American words I believe the result would look different if I had used an American edition of a dictionary. Secondly, many words that are different are slang words and all of them are naturally not represented in this dictionary. It does however show the frequency of different words in more formal written and spoken English.\r\n\r\nWhen I looked at different areas of words where there were differences between the two languages I used both Longman and International English by P. Trudgill and J. Hannah. In this investigation I only included words that are different not ones that exist in one only one of the languages. I have not all included every word that is different, and this investigation is based on my own associations with the areas so if someone else would have done it it would probably not have looked te same.\r\n\r\n2. Result of frequency investigation\r\n\r\nOf the total number of 4,000 words I found 248 that differed in some way between AmE and BrE. 75 words had different forms with the same meaning in the two languages (Appendix 1). 73 words existed only in AmE (Appendix 2), and 100 in BrE (Appendix 3). The rest were words can could be used in both AmE and BrE. \r\n\r\nFigure 1\r\n\r\nFigure 1 shows the percentage of the kind of different words I found. Out of the total number of 4,000 words 1.88% had different forms but the same meaning in the two languages. 1.83% of the words were only found in AmE and 2.53% in BrE.\r\n\r\nThe results of the study of frequency of different words in AmE and BrE shows that there are not so many words that are different, at least not in a dictionary. I believe though that there are much more words that differ in the everyday speech in the two countries, if one include slang words and dialect differences. The investigation shows though that a British person can communicate with an American without any problems.\r\n\r\nWhen I looked at what word classes the words belonged to I found that 85.5% of all words were nouns, 6.5% adjectives, 6% verbs, 1.2% adverbs and 0.008% interjections. The nouns are obviously the most common word class that differs between the languages. It was also the case when I looked at the letters individually. Of the 73 words that were only found in AmE 78.1% were nouns, 8.2% verbs, 7% adjectives, 2.7% adverbs and 1.4% interjections. Also of the 100 only BrE words the nouns were most frequent, 87% nouns, 8% adjectives, 3% verbs, 1% adverbs and 1% interjections.\r\n\r\nFigure 2\r\n\r\nFigure 2 shows clearly that the nouns with 85,5% are the word class that differ the most in the two languages. \r\n\r\nThere are several factors that tribute to the change in vocabulary between the two languages. When Britain colonized North America new words and experiences had to be named and they did that by taking already existing BrE words or invent new ones, also technological and cultural developments have caused differences in the vocabulary. A third reason is the influence of other languages (Trudgill and Hannah, 1985:75-6). This is, I believe, the most important cause today, since many people from all over the world immigrate to the United States. There they are mixed up with several nationalities and have to learn to communicate with each other, in that way many new words arises, many of which are loan words from their native languages. \r\n\r\n3. Words in special areas \r\n\r\nIf one look at words from different areas one can see that there are many words with the same meaning but not the same form. In many fields the vocabulary is quite different. I looked at three areas where the vocabulary differs, education, food, and clothing.\r\n\r\n3.1. Education\r\n\r\nIn the area of education there are several words that are different in AmE and BrE. Since the two countries do not have the same school system there are naturally words that only exist in one of the languages and not in the other. Therefor there are many AmE words for which one can not find a corresponding word in BrE and vice versa. I believe many foreign exchange students may have had some problems in an American high school. \r\n\r\n3.1.1. Table 1 - educational word that differed\r\n\r\nAmE\t\t\tBrE\r\nEraser\t\t\tRubber\r\nSemester\t\t\tTerm\r\nPrincipal\t\t\tHead teacher\r\nClass\t\t\tCourse\r\nVacation\t\t\tHoliday\r\nBulletin board\t\tNotice board\r\nFreshman\t\t\tFresher\r\nGrade\t\t\tMark\r\nField day\t\t\tSport day\r\nDrop-out\t\t\tSchool-leaver\r\nGrade\t\t\tForm\r\nProm\t\t\tBall\r\nSophomore\t\t\tSecond year student\r\n\r\nTable 1 shows words that have the same meaning but not the same form in the AmE and BrE,\r\n\r\nThere are also a few words that are used in both languages but have different meanings. Junior and varsity are two such words. In AmE a junior is a student who is in his second year in high school, while a junior in Britain is a pupil in a junior school and between 7-11 years old. Varsity is a common word in the US used for the main team in a sport that represents the school. It is not a very common word in BrE but it exists as an old-fashioned word for a university, especially Oxford or Cambridge.\t\t\r\n\r\n3.2. Food\r\n\r\n3.2.1. Table 2 - food words that differed\r\n\r\nAmE\t\t\tBrE\r\nSquash\t\t\tMarrow\r\nZucchini\t\t\tCourgettes\r\nRutabaga\t\t\tSwede\r\nEgg plant\t\t\tAubergine\r\nCookie\t\t\tBiscuit\r\nBiscuit\t\t\tScone\r\nCracker\t\t\tBiscuit\r\nDessert\t\t\tPudding\r\nJelly\t\t\tJam\r\nPotato chips\t\tCrisps\r\nFrench-fries\t\tChips\r\nWastebasket\t\tBin\r\nSilverware\t\t\tCutlery\r\nMuffin tin\t\t\tCake tin\r\nSpatula\t\t\tFish slice\r\nFaucet\t\t\tTap\r\n\r\nTable 2 shows words that are different in form but not in meaning in the two languages\r\n\r\n3.3. Clothing \r\n\r\n3.3.1. Table 3 - clothing words that differed\r\n\r\nAmE\t\t\t\tBrE\r\nGarter\t\t\t\tSuspender\r\nUnderpants\t\t\t\tKnickers\r\nSmock\t\t\t\tOverall\r\nPantyhose\t\t\t\tTights\r\nTuxedo\t\t\t\tDinner jacket\r\nSweater\t\t\t\tJumper\r\nUndershirt \t\t\tVest\r\nMock Turtle\t\t\tTurtle neck\r\nTurtle neck\t\t\tPolo neck\r\nPants\t\t\t\tTrousers\r\nSneakers\t\t\t\tPlimsolls\r\n\r\nTable 3 shows words that are different in form but not in meaning in the two languages\r\n\r\n4. Conclusion\r\n\r\nAfter studying a total of 4,000 words in Longman Dictionary of Contemporary English I found only 248 words that were different in AmE and BrE. Some of them had different forms but same meanings, while some were only found in AmE and some in BrE. In the investigation on word classes I found that the majority of the words were nouns. \r\n\r\n\tIn my investigation on words in the areas of education, food and clothing, I found every day words that are different in America and Britain. \r\n\r\nThis investigation is based on a dictionary taken from the British National Corpus. It did not show many differences between the languages, but I beloieva that if i had used an American dictionary as a complement I would have gotten a different result. Many o fthe words I found in Longman could be used in both AmE and BrE, but often a word that was common in for example AmE was not so frequently used in BrE. This means that even though a BrE word is not used in the United States, it is often understood anyway, it may just sound strange. A foreigner with knowledge of BrE can manage without any major problems in the United States of America.\r\n\r\n5. Appendixes\r\n\r\n5.1 Appendix 1- Words that were different in AmE and BrE\r\n\r\nAmE\t\t\t\tBrE\r\nRappel\t\t\t\tAbseil\r\nAbsentee vote\t\t\tPostal vote\r\nGas pedal\t\t\t\tAccelerator\r\nAirplane\t\t\t\tAeroplane\r\nAge discrimination\t\t\tAgeism\r\nAdvice column\t\t\tAgony column\r\nBB gun\t\t\t\tAir gun\r\nAll-around\t\t\t\tAll-round\r\nAllen wrench\t\t\tAllen key\r\nAluminum\t\t\t\tAluminium\r\nFootball\t\t\t\tAmerican football\r\nVideo arcade\t\t\tAmusement arcade\t\t\t\r\nBaby carriage\t\t\tPushcart\r\nFormula\t\t\t\tBabymilk\r\nBabysitter\t\t\t\tChildminder\r\nBachelor party\t\t\tStag night\r\nBack talk\t\t\t\tBackcha\r\nTease\t\t\t\tBackcomb\r\nBand-Aid\t\t\t\tElastoplast\r\nBank card\t\t\t\tCheque card\r\nBanker's order\t \t\tStanding order\r\nBar graph\t\t\t\tBar chart\r\nBar hop\t\t\t\tPub-crawl\r\nBartender\t\t\t\tBarman/barmaid\r\nBarrette\t\t\t\tHair slide\r\nBaseboard\t\t\t\tSkirting board\r\nBeauty mark\t\t\tBeauty spot\r\nBeet\t\t\t\tBeetroot\r\nBellhop\t\t\t\tBellboy\r\nBell pepper\t\t\tCapsicum\r\nBeltway\t\t\t\tRing road\r\nBias tape\t\t\t\tBias binding\r\nFerris wheel\t\t\tBig wheel\r\nBilly club\t\t\t\tTruncheon\r\nGarbage collector\t\t\tBinman\r\nCaboose\t\t\t\tGuard's van\r\nCabstand\t\t\t\tTaxi rank\r\nMooch\t\t\t\tCadge\r\nCake pan\t\t\t\tCake tin\r\nCall-in\t\t\t\tPhone-in\r\nCalling card\t\t\tVisiting card\r\nCall letters\t\t\tCall sign\r\nCampground\t\t\t\tCampsite\r\nCan\t\t\t\tTin\r\nCanadian bacon\t\t\tBacon\r\nCandy\t\t\t\tSweet\r\nCotton Candy \t\t\tCandyfloss\r\nTrailer\t\t\t\tCaravan\r\nCard catalog\t\t\tCard index\r\nCareer canselor\t\t\tCareers officer\r\nJanitor\t\t\t\tCaretaker\r\nParking lot\t\t\tCar park\r\nCarryall\t\t\t\tHoldall\r\nPortacrib\t\t\t\tCarrycot\r\nCarry-out\t\t\t\tTakeaway\r\nSlingshot\t\t\t\tCatapult\r\nMedian strip\t\t\tCentral reservation\r\nCertified mail\t\t\tRecorded delivery\r\nChannel surf\t\t\tChannel hop\r\nCPA\t\t\t\tChartered accountant\r\nCharter member\t\t\tFounder member\r\nTalk show\t\t\t\tChat show\r\nAmE\t\t\t\tBrE\r\nCheckerboard\t\t\tDraughtboard\r\nChecking account\t\t\tCurrent account\r\nCheck-room\t\t\t\tCloakroom\r\n\r\n5.2 Appendix 2 - Selection of words only found in AmE\r\n\r\nAbsentee ballot\t\t\tAll-fired\r\nAll-nighter\t\t\tAlum\r\nAlumni\t\t\t\tBad guy\r\nBeauty parlor\t\t\tBedroll\r\nBare-assed\t\t\t\tBassinet\r\nBaggage car\t\t\tBillfold\r\nBarfly\t\t\t\tBarf\r\nBach\t\t\t\tBalky\r\nCabin fever\t\t\tCakewal\r\nCandy cane \t\t\tCandy apple\t\r\nCandy stripper\t\t\tCareen\r\nCaregiver\t\t\t\tCare package\r\nChaparral\t\t\t\tChap-book\r\nDentine\t\t\t\tDang\r\nDavenport\t\t\t\tDay camp\r\nDesk clerk\t\t\t\tDibs\r\nDeadhead\t\t\t\tDiddly\r\nDean's list\t\t\tDeep six\r\n\r\n5.3. Appendix 3 - Selection of words only found in BrE\r\n\r\nAbattoir\t\t\tAbout-turn\r\nAdvert\t\t\tAerodrome\t\r\nAmbulanceman\t\tAftercare\r\nAggro\t\t\tAir hostess\r\nAiry fairy\t\t\tAir letter\r\nBarmy\t\t\tBarney\r\nBarrack\t\t\tBaddie\r\nBarrow boy\t\t\tBathing trunks\r\nBatty\t\t\tBanana skin\r\nBap\t\t\tBeef burger\r\nCardigan\t\t\tCaff\r\nCard vote\t\t\tCagoule\r\nCakehole\t\t\tCamiknickers\r\nCanoodle\t\t\tCaravanning\r\nCarer\t\t\tChap\r\nDab hand\t\t\tDaft\r\nDes res\t\t\tDerv\r\nDenier\t\t\tDay tripper\r\nDesk tidy\t\t\tDay pupil\r\nDid-dums\t\t\tDickybird\r\n\r\n6. References\r\n\r\nLongman Dictionary of Contemporary English. 1995. 3rd edition. \r\nGreat Britain: Clays Ltd.\r\n\r\nTrudgill P. and J. Hannah. 1985. International English, pages 75-6, 79-80.\r\n</doc"
"1.Introduction\r\nToday English is the mother tongue of about 400 million people, and all over the world people with other native languages study English as a second or foreign language. English has become a world language and through the years many different varieties have developed. Not only do we distinguish British English (BrE) from American English (AmE); we also have plenty of other varieties such as Australian, New Zealand, and South African English. All varieties of English have naturally developed different linguistic characteristics. However, BrE and AmE are still the two varieties which are used as a model for other varieties of English. The aim of this essay is to show differences in vocabulary between BrE and AmE. First of all, I will present some facts and ideas that have been discussed previously in this matter and then I will demonstrate the result of my investigation. There are many areas that could be discussed when it comes to vocabulary differences in BrE and AmE but this essay will mainly deal with cases where there are different words in BrE respectively AmE which carry the same meaning. I will concentrate on everyday words in areas connected to home and school. \r\n\r\n2.Previous Research\r\n\r\n\tAccording to Ilson, (English Today No.4 1985:7), the result of a research done in the matter of differences between BrE and AmE is always rather deceptive. Ilson bases this statement on the fact that compared to all the similarities of BrE and AmE, there are not very many differences to discuss. Although people in Great Britain and the United states speak the same language, English, many linguistic differences do exist. As mentioned above, this essay will concentrate on vocabulary differences but the two varieties also differ in pronunciation, spelling, grammar, and style.\r\n\r\nTrudgill and Hannah (International English 1985:75-76), have also done research in this matter and in their opinion there are several cuses to this obvious differences in vocabulary. First of all, when the United States as a new nation made their own experiments and invented new items they naturally needed new words for their inventions and other discoveries. There were two different ways of doing this; the Americans either used a British word that already existed and gave it a new meaning, or they came up with a totally new word. Another cause to the vocabulary differences is that both Great Britain and the United States have went through several cultural changes and both countries have made great progress in technology which has lead to the fact that there in many cases are at least two different words for the same thing; one British and one American. Although English is a world language it is still influenced by numerous of other languages and some loan words may only occur in one of the varieties whereas other words exist in both BrE and AmE. However, there are also some linguistic causes to the differences in vocabulary. Words come and go, and they are labeled with new or additional meanings and this is often done differently in the two varieties. BrE and AmE influence each other, but there are also plenty of words that only occur in either BrE or AmE.\r\n\r\nMy Investigation\r\nIn my investigation of vocabulary differences between BrE and AmE I have used a material which consists of 80 words from Longman Doctionary of Contemporary English. I will show both the British and the American forms of the words and give the additional meanings if there are any. Finally, I will present two diagrams which may help the reader to get a clearer picture of the words which my investigation is based on.\r\n\r\nIn and Around the Bathroom\r\n\t BrE\t\t\t\t\t AmE\r\n bath\t\t\t\t\tbathtub\r\n have a bath*\t\t\t\ttake a bath*\r\n dressing gown\t\t\t\tbathrobe\r\nTowel*\t\t\t\t\ttowel down\r\n*diffrent verbs are used\r\n*the verb which means to dry yourself with a towel\r\n\r\nAround the House\r\nBrE\t\t\t\t\tAmE\r\n block of flats\t\t\t\tapartment building\r\n terraced houses\t\t\t\trow houses\r\n semi-detached\t\t\t\tduplex\r\n fence\t\t\t\t\tpicket-fence\r\n pavement\t\t\t\t\tsidewalk\r\n garden\t\t\t\t\tyard\r\n drive\t\t\t\t\tdriveway\r\n dustbin\t\t\t\t\tgarbage can\r\n postbox\t\t\t\t\tmailbox\r\n\r\nThe Car\r\nBrE\t\t\t\t\tAmE\r\n petrol\t\t\t\t\tgas\r\n windscreen wiper\t\t\t\twindshield wiper\r\n indicator\t\t\t\t\tblinker\r\n numberplate\t\t\t\tlicense plate\r\n sidelight\t\t\t\t\tparking light\r\n petrol cap\t\t\t\t\tgas cap\r\n accelerator\t\t\t\tgas pedal\r\n handbrake\t\t\t\t\temergency brake\r\n indicator\t\t\t\t\tturn signal\r\n boot\t\t\t\t\thood\r\n bonnet\t\t\t\t\ttrunk\r\n driving licence\t\t\t\tdriver's license\r\n driving seat\t\t\t\tdriver's seat*\r\n lorry\t\t\t\t\ttruck\r\n freeway\t\t\t\t\thighway\r\n*driver's seat: AmE, additional meaning: be in the driver's seat; to be the person who is in control of a situation.\t\t\t\t\r\n\r\nIn the Kitchen\r\nBrE \t\t\t\t\tAmE\r\n ring\t\t\t\t\tburner\r\n cooker\t\t\t\t\tstove\r\n breadbin\t\t\t\t\tbreadbox\r\n washing-up liquid\t\t\t\tdishwashing liquid\r\n tap\t\t\t\t\tfaucet\r\n baking-tray\t\t\t\tcookie sheet\r\n scales\t\t\t\t\tscale\r\n fish slice\t\t\t\t\tspatula\r\n cake tin\t\t\t\t\tmuffin tin\r\n bin\t\t\t\t\twastebasket\r\n tea towel\t\t\t\t\tdishcloth\r\n worktop\t\t\t\t\tcounter\r\n cultery\t\t\t\t\tsilverwear\r\n brandy glass\t\t\t\tsnifter\r\n grocery store\t\t\t\tsupermarket\r\n soda\t\t\t\t\tpop\r\n biscuit\t\t\t\t\tcookie\r\n cookery book\t\t\t\tcookbook\r\n cool-box\t\t\t\t\tcooler\r\n\r\nClothes and Shoes\r\nBrE\t\t\t\t\tAmE\r\n football booth\t\t\t\tsoccer shoe\r\n baseball booth\t\t\t\tbasketball shoe\r\n wellington boot\t\t\t\trubber boot\r\n trousers\t\t\t\t\tpants\r\n polo neck\t\t\t\t\tturtle neck\r\n knickers\t\t\t\t\tpanties\r\n suspender\t\t\t\t\tgarter\r\n braces\t\t\t\t\tsuspenders\r\n overall\t\t\t\t\tsmock\r\n dungarees\t\t\t\t\toveralls\r\n jumper\t\t\t\t\tsweater\r\n tights\t\t\t\t\tpantyhose\r\n dinner jacket\t\t\t\ttuxedo\r\n hairslide\t\t\t\t\tbarette\r\n purse\t\t\t\t\tchangepurse\r\n handbag\t\t\t\t\tpurse\r\n plimsoll\t\t\t\t\tsneaker\r\n court shoe\t\t\t\t\tpump\r\n anorak\t\t\t\t\twind breaker\r\n\r\nIn School\r\nBrE\t\t\t\t\tAmE\r\n public school\t\t\t\tprivate school\r\n free school\t\t\t\tpublic school\r\n pupil\t\t\t\t\tstudent\r\n lesson\t\t\t\t\tclass\r\n rubber*\t\t\t\t\teraser\r\n head teacher\t\t\t\tprincipal\r\n full stop\t\t\t\t\tperiod*\r\n exclamation mark\t\t\t\texclamation point\r\n term\t\t\t\t\tsemester\r\n timetable\t\t\t\t\tschedule\r\n holiday\t\t\t\t\tvacation\r\n cafeteria\t\t\t\t\tlunch-room\r\n maths\t\t\t\t\tmath\r\n tippex\t\t\t\t\twhiteout\r\n*rubber, AmE informal a condom\r\n*period, in both varieties this is the word for the monthly flow of blood from a woman's body\r\n</doc"
<title
<title
<title
<title
"tBritish and American English have a lot of differences within the vocabulary. There are thousands of words that either differ in total meaning, or in one particular sense or usage, or are totally unknown in the other variety. (Trudgill and Hannah 1985: 75) The most obvious reason for differences in British and American English vocabulary is that new objects and experiences were encountered in North America, which needed naming, either by adapting British English vocabulary or by creating new words. Technological developments have also been a cause of differences (e.g. terms for parts of cars). (Trudgill and Hannah 1985:75-6) Ilson states (1985:7) ""Any comparison of British English and American English is bound to be misleading"" and as a university student of English, I admit that sometimes I find it difficult to know when a word is British or American English. I have done a sort of mini-investigation on the topic and have found some similarities and differences and I have tried to concentrate on the areas of cars and household. \r\nMy purpose with this essay has been to examine the differences and similarities in the vocabulary and I will give two examples in each of the categories ""cars"" and ""household"". My goal is to see the differences more easily in order to understand them better. What I did was to choose examples that seemed interesting to explain further. I have had a vast range of material to read, mainly from different corpora and there have been many researches about the British and American English vocabulary differences before. I have studied the British and the American English words in a dictionary (Longman dictionary of contemporary English 1995), and I have also used some copied material (Trudgill, P and J. Hannah 1985) I decided to do this when I saw some illustrations on cars and household with forms in both British and American English (in Longman), and I found it interesting because there were so many differences. The first category to be examined is ""cars"" and from now on I will use the terms BrE for British English and AmE for American English.\r\n\r\nDifferences in the category of cars\r\n\r\nFirst of all I want to draw attention to the name of the category: BrE and AmE cars are also termed automobiles in AmE, so even the category has two forms. In the dictionary I have found 38 BrE and AmE different forms that denote the same part/object of the car, and some of them also have additional meaning in one or both varieties. There are 29 words that are used with the same frequency in both BrE and AmE. (Longman 1995:409) I will concentrate on the following two examples:\r\n1. Accelerator BrE/ gas pedal AmE: to word accelerator comes from the verb to accelerate which means \'to go faster\'. AmE gas pedal probably refers to the liquid driving force of a car, gasoline/ gas and to the Latin word pedes which means \'feet\'. The word accelerator also means \'a large machine used to make extremely small pieces of matter move at extremely high speeds\' in both varieties. (Longman 1995:7) The example shows that the connection seems logic between the two definitions and the actual part of the car. The names are completely different but refer to the same object and the former of them also has an additional meaning, not unrelated to the verb form to accelerate.\r\n\r\n2. Boot BrE/ trunk AmE: the word boot is mainly referred to as \'a type of shoe that covers the whole foot and the lower part of your leg\'; but it is also used in informal terms of leaving a job. (Longman 1995:139) Trunk also has additional meanings such as \'a thick wooden stem of a tree\', \'the long nose of an elephant\', \'a very large box of wood or metal\'. The plural form trunks means \'a short piece of clothing\'. In technical terms trunk means \'the main part of body not including arms, legs and head\'. (Longman 1995:1549) \r\n \r\nThis last example shows that a simple word like trunk can have many completely different meanings, sometimes only by adding a plural -s the word can denote a different unrelated object. Because there existed no name for the object, the two terms for the Swedish bagagelucka were taken from words that might have seemed to best describe the object; e.g. a trunk is a very large box of metal. I have given these two examples to illustrate the differences that there might be in form and meaning in the area of cars. Now I will turn to the other category that has a lot of separate forms for the same objects - household items. \r\n\r\nDifferences in the category of household\r\n\r\nFrom an illustration of a kitchen (Longman 1995:833) we can see that most of the names of objects in a kitchen are used in both BrE and AmE; there are 22 words that are understood in both varieties, 13 with different names, and one ""in between"" - same meaning and forms only divided by the ending plural -s (scales BrE/ scale AmE).\r\n\r\n3. Fish slice BrE/ spatula AmE: fish slice is described as \'a kitchen tool used especially for turning food when cooking, with a wide flat part and a handle\'. (Longman 1995:528) The example shows that the connection between a word and the object can be very arbitrary if not to say misleading. When you hear the word fish you think of the animal, and slice gives you the image of a thin, flat piece cut from something, put these together and you might expect the word to mean \'a thin, flat piece of a fish\'. The AmE word spatula has a meaning in BrE too, although different; \'a small instrument with a flat surface, used by doctors to hold your tongue down so that they can examine your throat\'. (Longman 1995:1379) In Swedish there is a word with approximately the same form and meaning as the one used in the kitchen; spatel which means \'a small tool in the shape of a spade\'. (H\xe4sselberg and All\xe9n 1980:186) The word spatula comes from Latin (spatha) and means some kind of sword.\r\n4. Tap BrE/ faucet AmE: the word tap has several meanings; \'a piece of equipment for controlling the flow of water, gas etc.\', \'a specially shaped object used for letting liquid out of a barrel\', \'an act of hitting something lightly\', \'tap dancing\', \'an act of secretly listening to someone\'s telephone\', \'a song or tune played on the bugle at night in an army camp, and at military funerals\', plus many verbs that are derived from the noun tap. (Longman 1995:1474) The AmE word faucet does not have an additional meaning. (Longman 1995:506) Faucet sounds like a loan word but unfortunately I could not find the origin.\r\n\r\nInteresting differences in other areas\r\n\r\nOutside these categories there are some words I like to take up to show how BrE and AmE can have the same word but with difference in style, connotation and frequency of use.\r\n\r\nWord\t\tBrE usage\t\tAmE usage\r\n\r\nAutumn\tcommon; all styles\tuncommon; poetic or formal (fall is used instead)\r\nClever (\'smart, \tcommon; positive less common; usually negative dexterous\')\t\t\t\r\nTo fancy (\'to like,\tcommon; informal uncommon want\')\r\nFortnight\t\tcommon; all styles\tuncommon (archaic); poetic\r\nPerhaps\t\tall styles\t\tsomewhat formal (maybe) used instead\r\nQuite (as in quite good)\tnegative or neutral\tpositive\r\nRow (\'quarrel, \tcommon \t\tuncommon disturbance\')\t\t \r\n\r\n(Trudgill and Hannah 1985:78)\r\n\r\nConclusion \r\n\r\nI have found that there are British and American English words that are common in one variety but not in the other, there are differences in style and in the frequency of use. There are words that have additional meanings, and there are words that do not. I have seen in some of the examples how a form of a word can describe and relate to the object, while other really seem a bit far fetched. I have never gone this deep in the study of vocabulary before and I know now that in order to get all the essential information you have to dig a little deeper than usual.\r\n\r\nReferences:\r\nH\xe4sselberg, A. and S. All\xe9n. 1980. Svensk ordlista. Nacka: Esselte Herzogs\r\nIlson, R. 1985. Diversity in unity. American & British English in English Today No. 4 - October 1985, pp.7-11. \r\nQuirk, R et al. Longman dictionary of contemporary English. 1995.London: Clays Ltd. (Dictionary)\r\nTrudgill, P and J. Hannah. 1985. International English, chapters 1 and 4. London: Edward Arnold (Publishers) Ltd.\r\n</doc"
<title
<title
"1\tINTRODUCTION WITH AIM\r\nThe aim with my essay is to look at Australian vocabulary and idioms, and try to establish their background to see whether they are of British origin, American origin or from the Aboriginal languages. I am also going to exemplify and explain the meaning of the idioms and words when necessary.\r\n\r\n2\tMATERIAL AND METHOD\t\r\n\r\nI have mainly relied on the kits which were provided and I have been to the library and collected data from various dictionaries and books on idioms. The limitations with the materials on Australian English is that it refers mainly to the usage of slang and colloquialisms. Many of the examples that I have used are therefore slang or colloquial expressions. I will begin by giving a brief historical background of when the European settlers first came to Australia. My next step is looking at the development of the Australian English from the eighteenth century, to nineteenth century and up to the twentieth century. I will then present Australian idioms which I will exemplify and I will end my essay with the conclusion I have come to from the investigation that I have conducted. The abbreviations that I am using in my essay are Am.E. for American English; Austral. for Australian; colloq. for colloquial; derog. for derogatory; joc. for jocular (humorous or joking); sl. for slang; N.Z. for New Zealand. \r\n\r\n3\tPRESENTATION\r\n\r\n3.1\tHistorical background\r\n\r\nThe first settlers arrived in Australia in the eighteenth century. A lot of the settlers were convicts shipped over from Britain, but there were others who came there of there own free will. Australia was essentially a British colonial society at that time (Courtney 1996:24). Near the end of the century, however, came the publication of the first dictionary of Austral English by E.E. Morris. This was the first important work to show a literate interest of Australian English. The environment that the settlers were faced with were often challenging and the social conditions were new in comparison to what they were used to in Britain.\r\n\r\n3.2\tAustralian words in the eighteenth and nineteenth century\r\n\r\nThe Australians became very resourceful and inventive in their development and use of English. The new settlers were mainly working class townspeople who moved into a rural life. They came to describe their way of life by generalising and extending the meaning of words which were more restricted in British English (Courtney 1996:26) New words were derived by composing and other words were borrowed mainly from the Aboriginal languages. Other words were invented by the settlers and they are characterised by slang and colloquialism. Examples of words that came about this time (and which are still in use today) are: bush for woods (with compounds like bushman, bushhut, etc); tucker for food; fair dinkum for genuine; paddock for stream or brook; a boomer for anything large, pommy for English(man) and so on (Courtney 1996:26). The Aboriginal words that came into usage in the mid-nineteenth century were mainly place names, for example, Wee-Waa, Buntijo, Bongongolong, Wheeo etc. (Crystal 1995:353 ). Other Aboriginal words are, dingo (a wild dog), waratah (the name of a particular flower), koala, kangaroo and other animal and plant names (Courtney 1996:26). \r\n\r\n3.3 Australian words in the twentieth century\r\n\r\nThe Australian society became more suburban and industrialised in this century and most of the population had nothing to do with rural life. The words that came about were closer to everyday life, for example, words like thongs (Am.E, a type of shoe), the basic wage, sleep-out came into usage. Other words that have been created are:\r\nAbo = Aboriginal (Austral sl. often derog.)\r\n arvo = afternoon (Austral sl.) \r\nBuckley\'s = little or no chance (Austral. and N.Z. colloq.)\r\n snag = sausage (Austral. sl.)\r\n tinnie = can of beer (Austral. sl.)\r\n wog = micro-organism causing infectious illness (Austral. sl.)\r\nWoop - Woop = imaginary remote town or district (Austral. joc.)\r\n(The Australian Concise Oxford Dictionary).\r\n\r\nOther slang words that are commonly used today are: banana bender for a person from the state of Queensland, bludger for parasite, dero for beggar, ning-nong for unintellectual, sango for sandwich and sheila for woman (Green 1986). The vast majority of words in Australian English are from British English only a few words come from American English, for example milk bar, median strip, quinella, bubbler. The British adopted words by far outnumber the American adopted words, much due to that up until the 1940s Australians were very much against the adoption of American words (Ramson 1970:57).\r\n\r\n3.4\tThe Australian idiom\r\n\r\nAustralian English is known for its idioms which display literary creativity and not really everyday frequency (Crystal1995:352). Here are some examples taken from Collins Cobuild\'s\r\n dictionary of idioms from 1998:\r\n done like a dinner = if you are in a competitive situation or a contest and you are done like \t\t \t dinner, your opponents defeat you completely, often in an unfair way.\r\n drop your bundle = you give up and stop trying to win or succeed if you are failing at something. give someone the flick = to reject or get rid of someone\t \t.\t\r\n(kanga)roos in your top paddock = someone has peculiar ideas or is crazy.\r\n\r\nOther idioms are:"" bald as a bandicoot, scarce as rocking-horse manure, and look like a consumptive kangaroo."" There are also the domestic idioms, such as, ""bring a plate (bring some food to share) and full as a goog (literally \'egg\', i.e. \'drunk\')"" (Crystal 1995:352). According to J.Gunn in English Transported (edited by Ramson 1970:50) the idioms in Australia are used informally and she warns people not to confuse the occasional short-lived expressions as part of the idiom. There are a lot of colloquial expressions which do not have to have their meaning explained to Australians they are often long-standing slangy expressions like:\r\n doing one\'s block ( to get angry), going or feeling crook (getting or feeling sick), have a lash (bash) at ( to give it a try), home and hosed (when you have succeeded in your task). Gunn continues (Ramson 1970:53) that there are idioms that are very Australian, for example, rough as guts, happy as a pig in shit, mad as a cut snake, lazy as a cut dog, sticking like shit to a blanket, like a rat up a drainpipe and so on. Although some of the expressions may sound vulgar to us they are common expressions in Australia and they are not offensive there. However, Gunn says that there are very few expressions that one can call Australian. \r\n\r\n4\tCONCLUSION\r\n\r\nThe conclusion I have come to in my research is that (although the Australian words and idioms are often very colourful and vivid in their descriptions) there are very few words and expressions that can be labelled as being truly Australian. Most of the vocabulary and expressions come from British English. The Australians have only extended the meaning of British English words, and they have kept the words and expressions alive even if they are long gone from British English; there are very few Australian creations. I feel that the material which I could find on the topic I chose for my essay was limited and this has affected the outcome of my work. \r\n\r\nReferences:\r\n\r\nCobuild, C. 1998. Dictionary of idioms. Great Britain: HarperCollins Publishers.\r\n\r\nCourtney, N.1996. The nature of Australian. English Today 12:24;26. Cambridge University Press.\r\n\r\nCrystal, D. 1995. The Cambridge Encyclopedia of The English Language. New York, USA. Melbourne, Australia. The Press Syndicate of the University of Cambridge.\r\n\r\nGreen, J. 1986. The Slang Thesaurus. Great Britain. Elm Tree Books/Hamish Hamilton Ltd.\r\n\r\nRamson, W.S. 1970. English Transported, Essays on Australian English. Canberra, Australia. Australian National University Press.\r\n\r\nTurner,G. 1987. The Australian Concise Oxford Dictionary. Australia: Oxford University Press.\r\n</doc"
<title
<title
<title
<title
<title
<title
<title
"1. Introduction and aim\r\nBeing Scandinavian, I am curios how, when, why and to what extent Scandinavians influenced the English language. In the essay, I intend to answer these questions and perform a small investigation of my own, which will be accounted for in the next paragraph. Furthermore, I will refer to Scandinavian as the language of the Scandinavians in the period 750-1066, not Scandinavian today.\r\n2. Method and material\r\nMost facts are taken from Baugh A History of the English Language (1951) but I also used Barber The English Language, a Historical Introduction (1993) often to find that they said practically the same thing. A few details has been taken from Lindqvist Historien om Sverige. Fr\xe5n islossning till kungarike. In the Oxford Dictionary of English Etymology I searched for words with Scandinavian origin under the letter [s]. The reason why I chose this section is that it is one of the biggest sections of the dictionary, which increases the likelihood of finding many non specialized words. I started on page 780, then I searched every 5th page to page 895 (approx. 480 words examined), again, in order to minimize the risk of specialized words. Words with many possible origins (ModE: shield-ON: skjoldr or OFris: skeld; or ModE: slay-ON: sla or OFris: sla) have been ignored. I will then check the result in order to see if there are any typical type of words and depending on the result, I will draw conclusions.\r\n\r\n3. Previous research\r\n3.1.1 Cause of Viking movement\r\nWhy did the Scandinavians travel to England, and when? Already in the bronze age, ore was shipped between what today is Sweden and England (Lindqvist 1992) but in the 750s there was a sudden expansion. It is not known exactly why so many Scandinavian Vikings suddenly left their homes. The reasons may have been political or economical (Baugh 1951) or overpopulation in a region of poor natural resources. A contributing cause was probably that the Frisians, who ruled the seas in north-west Europe, were beaten, leaving the sea open for the Northmen (Barber 1993). What is certain, though, is that the Vikings traveled to the monastery Lindisfarne where they arrived June 8, 793. According to the chronicles of Europe, this date marks the start of the Viking age which would not end until the battle of Hastings, October 14, 1066 (Lindqvist 1992).\r\n3.1.2 The attacks\r\nThe attacks upon England could be divided into three stages, which I will summarize short. The first stage is the period of early raids, 787-850 according to the Anglo-Saxon Chronicle. This period is characterized mostly by plundering attacks upon towns and monasteries near the coast where the Vikings took slaves and all sorts of valuables (Baugh 1951). During the second stage, more widespread plundering were undertaken by large Danish armies who also settled rather extensively, probably something that influenced the language a lot. I will come back to this in the next paragraph. The Danes were very successful in their conquest but capitulated at Ethandun (now Edington, Wiltshire) in 878. A treaty, the treaty of Wedmore, was signed by both parts but the Danes were not compelled to leave England. Furthermore, the Danes was to accept Christianity and this paved the way for the ultimate fusion of the two groups. The third period 878-1042 covers political adjustment and assimilation. But the battles continued. Danish and Scottish forces were joined but beaten in 937 in Brunanburh. In 991, a substantial Norwegian Viking fleet attacked and pillaged several towns on the south coast of England. In 994, Danes and Norwegians joined forces in an attack on London and in the years 1017-1042, England was ruled by Danish kings (Baugh 1951).\r\n3.1.3 Settlements\r\nThe consequence of the attacks mentioned above was of course that a large number of Scandinavians settled permanently in England, that is they remained behind when the ships returned home. The two peoples later amalgamated out of several reasons. Firstly, there was a close kinship between them. Secondly, the policy of the English kings was to accept a mixed population and thirdly, the Scandinavians showed high adaptability. An example of the latter is their early acceptance of Christianity. This is attested by the large number of Scandinavian names found among monks, priests, bishops, abbots and those who gave land to monasteries and endowed churches. So, the relation between the Anglo-Saxons and the Danes was not only hostile. One must distinguish between the bands and the large numbers that settled down peacefully (Baugh, 1951)\r\nIn some places, the Scandinavians gave up their language early, while it remained for a long time in other places, where it was also renewed for a long time through trade and conquest. In some parts of Scotland, Norse was spoken as late as the seventeenth century. On a few locations, the peoples were more or less bilingual due to intermarriage and similarity between the languages. The Anglian dialect resembled the Scandinavian in a number of ways, which the West Saxon did not.\r\nAnother strong evidence of the extensive Scandinavian settlements and influence in England is the vast number of Scandinavian place names. Over 1,400 have Scandinavian origin and the largest numbers of them are found in Yorkshire and Lincolnshire. More than 600 names of places ends with -by, meaning farm or town (Grimsby, Derby, Rugby etc.); 300 ending in -thorpe, meaning village (Althorpe, Bishopsthorpe, Gawthorpe etc.); almost another 300 ending in -thwaite, meaning an isolated piece of land (Applethwaite, Braithwaite, Cowperthwaite etc.) and about 100 ending in -toft, meaning a piece of ground, a messuage (Brimtoft, Eastoft, Langtoft etc.) (Baugh 1951).\r\n\r\n3.2 Loan words\r\n3.2.1 The word test\r\nIt is difficult to decide whether a Modern English word is native or borrowed from Scandinavian, due to the similarity between Old English and Scandinavian. In some cases, though, there is a test that could be performed to see if the word is borrowed or not. The most reliable test concerns the differences in the development of certain sounds. An easy one to recognize is the development of the sk sound which was early changed into sh (written sc) in Old English, while the Scandinavian countries kept the hard sk sound. So, words like ship, shall and fish are native and sky, skin, skill, scrub, scrape, bask and whisk are loans. In the same way, the Old English word scyrte changed to shirt and the Old Norse word skyrta became skirt. The consonants g and k acted in the same way, so words as kid, dike (cf. ditch), get, give, gild and egg are Scandinavian in origin (Baugh 1951). Among the vowels, the Proto Germanic ai became ei in Scandinavian and a in English. This means that the Old Norse word nei became Modern English nay, and the Old English na became no. Furthermore, the Proto Germanic au becomes ea in Old English but remained au in Old Norse. So, the Old English word leas corresponds to Old Norse lauss which became loose (Barber 1993). Another way of spotting loan words is looking at the meaning. The word bloom could come from either Old English, bloma, or Scandinavian, blom. However, the Old English word means 'ingot of iron' while the Scandinavian word means 'flower' or 'bloom'. But when neither the form nor the meaning of a word proves the Scandinavian origin, we can not be sure of its origin. Simply the fact that there is no original preserved in Old English does not mean that it did not exist (Baugh 1951).\r\n\r\n3.2.2 Stages of loans\r\nThe earliest borrowings had to do with sea-roving and predatory people and a little later we find words relating to law (see appendix 1). However, after the Norman conquest the legal language was completely reshaped and most Scandinavian words are now replaced with French (Baugh 1951). Yet later, as the Scandinavians had settled peacefully, loan words came into the everyday language. The character of the words was varied and simple. Examples of words are to find in appendix 2, where nouns, verbs and adjectives are listed. The list is long to demonstrate the rich variety of everyday words, especially nouns. Not only nouns, adjectives and verbs made their way into English. Pronouns, such as they, their and them, prepositions, such as till, also survived until today.\r\n\r\n4. Results and discussion\r\n4.1 Table\r\nThe following words were found:\r\n\r\nModern English\t\tOld Norse\r\nSackless\t\t\tsaklaus\r\nSame\t\t\tsame\r\nScare\t\t\tskirra\r\nScat\t\t\tskattr\r\nScathe\t\t\tskadi\r\nScout\t\t\tskuta\r\nScrape\t\t\tskapa\r\nShide\t\t\tskid\r\nShuttle\t\t\tskutill\r\nSister\t\t\tsystir\r\nSkald\t\t\tskald\r\nSledge\t\t\tsleggja\r\nSleight\t\t\tslaegd\r\nSleuth\t\t\tslod\r\nSnake\t\t\tsnakr\r\nSneak\t\t\tsnikja\r\nSpar\t\t\tsperrask\r\nStack\t\t\tstakkr\r\nSting\t\t\tstinga\r\nStithy\t\t\tstedi\r\nSunder\t\t\ti sundr\r\n\r\nAs we can see, there are words (mostly nouns) that can be related back to a society, a thousand years ago. This corresponds well with the previous researched made, considering the variety of everyday words.\r\n\r\n4.2 Summary and conclusion\r\nAs we have seen, many factors caused the Scandinavian influence on the English Language and the ways of influence was at first attacks but later extensive settlements. What is influenced is not only place names but also words and when trying to see if a word is a loan or not there are a few tests that can be performed. Of course, those tests depend much on at what period in time the word was borrowed, since different sound laws are active in different periods. \r\nJudging from my investigation, truly a lot of words were borrowed. There were not a great deal of special words which does not indicate Scandinavian influence on just one area but on the language as a whole. One of the largest causes for this to happen was probably the similarity of the peoples' languages and cultures. This made it easy to understand each other and easy for the Scandinavians to adapt to society.\r\n\r\nReferences\r\nLindqvist, H. 1992: Historien om Sverige. Fr\xe5n islossning till kungarike pp128-139. Nordsteds F\xf6rlag AB, Stockholm.\r\n\r\nBaugh. 1951: A history of the English language pp. 90-103. London.\r\n\r\nBarber, C. 1993: The English Language, a Historical Introduction pp. 127-131. Cambridge University Press, Cambridge.\r\n\r\nOxford Dictionary of English Etymology. 1966: pp. 780-890. Oxford University Press, Oxford\r\n</doc"
<title
<title
